Text,Upvotes,Comment Upvotes,Comment Date,Subreddit,Date
"Title: Atletico Madrid 2 - [3] Barcelona - Lamine Yamal 90+2'
Text: 
Comment: Yea, then they come and eliminate us in a quarter final ðŸ¤£ football is just crazy man.

But this season I feel like Barca got the upper hands in both league and copa, even though it ended in 4-4. Also, Atletico actually playing good football. Our first fixture was more of how I remember Atletico to play.",5384,6,2025-03-17,soccer,2025-03-16
"Title: JUST EAT THE CRUST IT'S JUST BREAD
Text: 
Comment: I'll eat crust if it's thin, I don't wanna fill up on dry ass bread I wanna fill up on more of the actual flavor",1753,1,2025-03-18,memes,2025-03-18
"Title: will be less talkative from now on.
Text: 
Comment: He was just trying to help",1330,1,2025-03-17,funny,2025-03-15
"Title: What is up with Casey Anthony popping up again?
Text: I vaguely remember her case, but it seems like she's popping up more lately. What's going on? 

 https://www.reddit.com/r/PeterExplainsTheJoke/comments/1j784ep/peter_do_you_know_her/?utm_source=share&utm_medium=mweb3x&utm_name=mweb3xcss&utm_term=1&utm_content=share_button
Comment: Even if the police donâ€™t believe you, theyâ€™ll still often act like they do to let you dig your own grave.

Itâ€™s one thing for you to lie in one interview, get called out, then shut down and stop talking. Itâ€™s another for you to lie to police the whole time while the evidence piles up against you.

Plus, in the off chance you arenâ€™t lying, the police still win.",672,36,2025-03-10,OutOfTheLoop,2025-03-10
"Title: Redditors, how do you feel a grassroots political movement dedicated solely towards ruining Elon Musk's life specifically would fare?
Text: 
Comment: I mean they're mad that he's eliminating wasteful government spending illogical rage thinking is the name of the game",9585,-3,2025-03-17,AskReddit,2025-03-17
"Title: what was the first wine you tried that made you realize you were a wine lover?
Text: 
Comment: Night Train.",17,1,2025-03-18,AskReddit,2025-03-18
"Title: What are the best online PvP games to get into right now in 2025?
Text: And by *right now* I mean games that don't have abysmal learning curves due to how experienced the current playerbase is because the game has been around for several years etc.
Comment: Says the 16 day old account.",328,2,2025-03-15,gaming,2025-03-15
"Title: [DR] Christian Eriksen hasn't received any contact about contract renewal from Manchester United and assumes that he will be at a new club next season. Rules out US or Denmark transfer
Text: 
Comment: No can do due to the thing in his heart",532,-7,2025-03-18,soccer,2025-03-18
"Title: Do current-gen consoles feel outdated enough to justify purchasing a PS6 or the next Xbox within the next two years?
Text: For me personally, the games look and perform great as it is. The only thing that'll tempt me to get another 500 dollar box are the next gen only games that'll inevitably get announced. 
Comment: Iâ€™m mixed on it while thereâ€™s clearly some negatives. It also allows people who donâ€™t have that much money to game. Like OPs post is asking is it worth dropping 500$+ on a console.meanwhile someone can buy a used/refurbished series s for like 150-200$ and have access to most â€œnew genâ€ games if you can/want to call it that",0,1,2025-03-17,gaming,2025-03-17
"Title: Dujon Sterling calling Celtic Park a Sh*thole.
Text: 
Comment: The Barry Ferguson effect, nice to see Rangers returning to form",182,1,2025-03-17,soccer,2025-03-17
"Title: This man had kids for one reason.
Text: 
Comment: Ah you got Freddie Krueger'd",79825,32,2025-03-15,funny,2025-03-15
"Title: On March 15th, 2069 years ago, Assassin Aya of Alexandria killed Julius Caesar
Text: 
Comment: Why in Greek and not Latin? Seems odd",7974,1,2025-03-16,gaming,2025-03-15
"Title: pee pee shaped cheeto
Text: 
Comment: Someone at the factory thinks theyâ€™re hilarious",1,1,2025-03-18,teenagers,2025-03-18
"Title: You are forced to buy one thing everyday, and you can't return it, what are you buying?
Text: 
Comment: redbull",78,1,2025-03-18,AskReddit,2025-03-18
"Title: What's the deal with Schumer and AOC fighting over the gov shutdown vote?
Text: AOC is saying that any Democrat voting for the spending bill is wrong because it gives Trump what he wants.

https://bsky.app/profile/aoc.bsky.social/post/3lkbzb5qzdk2u

Schumer is saying that not voting for the shutdown is foolish because it gives Trump total control.

https://bsky.app/profile/schumer.senate.gov/post/3lkcngve4rk2b

  

Which is it?

I'm generally pro AOC but I don't really get what's going on here.
Comment: AOC is still fighting for the people even after the Dems tries to silence her.

Chuck Schumer was called a Palestinian by Trump which scared him so much he caved and does whatever Trump wants now just like Fetterman.

Democrats are disgusting.  It's no wonder they always lose.",4081,16,2025-03-14,OutOfTheLoop,2025-03-14
"Title: The Day Before studio reportedly sues Russian website for calling infamous disaster-game a 'scam'
Text: 
Comment: Just a reminder that at one point this game was one of if not most wish listed game on the Steam store ðŸ˜‚ partly because of PC gamers insistence that â€œindies (and modders) do it betterâ€",5050,1,2025-03-16,gaming,2025-03-16
"Title: 'The future of hardware at Valve is bright': Valve celebrates the success of Steam Deck and Steam OS
Text: 
Comment: Awesome, now could they actually start selling them in Norway? Cause the third party resellers are taking some insane blood prices to import them from Sweden.",7424,36,2025-03-16,gaming,2025-03-16
"Title: Split Fiction Hits 2 Million Sales After Just 1 Week - IGN
Text: 
Comment: Yes, everyone parroting the same thing, with absolutely no substance at all while actual discussion of the game consistently gets downvoted, yes, you do sound and act like bots",4879,-24,2025-03-14,gaming,2025-03-14
"Title: This â€˜Street Fighterâ€™ comic predates the first game by a year and is totally unrelated
Text: 
Comment: I agree this one might be one of the most similar to the street fighter logo Iâ€™ve seen, this style was really popular with action at the time. There are a bunch of street fighting movies with this graffiti style. So while you could easily say â€œthe street fighter logo is a rip off of this + the Indians jones logoâ€ itâ€™s possible they got their naturally since it does follow a lot of trendy design elements at the time (first and last letter enlarges, long tails, angled upward, etc.)",143,3,2025-03-16,gaming,2025-03-16
"Title: What is up with Trump saying he stopped a smaller nation from going to war?
Text: In his meeting with Zelenskyy in the Oval Office, Trump briefly said

> I could tell you right now there's a nation thinking about going to war on something that nobody in this room has ever even heard about. Two smaller nationsâ€”but big, still bigâ€”and I think I've stopped it, but this should have never happened. ([source](https://youtu.be/S_YtXWVfkJE?t=1830))

What nation is he referring to, and why would they be thinking about going to war?

Edit: People, please stop spewing the propaganda. Remember, it's still propaganda even if it's true. I'm not looking for answers that assume Trump is lying, because that hardly effects my life. But, a new war is a *big deal*, so I'm asking out of an abundance of caution, and looking for answers where he could be telling the truth. The repeated, ""he's just lying,"" is really pissing me off, because I know Trump lies but those kind of answers don't help me here, at all.

Edit 2: Look, only ONE person needs to tell me that they think Trump is lying/exaggerating here. Everyone else please just go and upvote that ONE person, that way anyone that has anything interesting to say isn't drowned out. So far, these are the most popular theories I've been seeing:

1. Trump is lying.
2. Armenia (against Azerbaijan)
3. Kosovo (against Serbia)
Comment: Venezuela and Guyana would be by guess",1385,0,2025-03-01,OutOfTheLoop,2025-03-01
"Title: will be less talkative from now on.
Text: 
Comment: Oh wow that's fucked up",1330,15,2025-03-15,funny,2025-03-15
"Title: Why tf did they get d0wnv0ted? ðŸ˜­
Text: 
Comment: Imm the 300 downvoter, thank me later",621,-38,2025-03-18,teenagers,2025-03-18
"Title: Newcastle United wins first-ever League Cup after beating Liverpool 2-1 in the final
Text: 
Comment: Normally the league cup has an easy run

Newcastle knocked out all of the current top 4 to win it.

Add that to 70s years without a domestic trophy

It's special. Very special.  Even if its just to those from the promised land of the north east",3097,43,2025-03-16,soccer,2025-03-16
"Title: What is your f*** everything song?
Text: 
Comment: Rage Against the Machine.  Doesn't matter the song.  Been that way since I started listening to them in the early 90s.  Still my favorite band",947,237,2025-03-18,AskReddit,2025-03-18
"Title: Make the comments section look like a teenager's Search History
Text: 
Comment: uh sans i got n/aâ€¦ (iâ€™m aroace)",532,2,2025-03-18,teenagers,2025-03-17
"Title: What was the first game that made you realize videogames were capable of telling a captivating story and immerse you in its world?
Text: The older I got the more I've come to enjoy the game more when I'm invested into the world and its characters. The why were doing what were doing and finding out more about the world we are exploring. Sure gameplay can ""at times"" carry a game with a lackluster story but nothing beats a great story with gameplay to match.

For me, the first game that made me realize that was Bioshock. From Andrew Ryan's ideology, the city of rapture and its inhabitants, the downfall of this underwater utopia and overall themes of the world we find ourselves in. I was truly invested and wished to find every audio log or look around the environments to understand/learn about the rapture more. Voice acting, environmental storytelling and writing is almost unmatched to me.
Comment: What game??",93,1,2025-03-18,gaming,2025-03-18
"Title: This meme is exclusive to USA
Text: 
Comment: I usually just tip 10-20% of the cost of the bill.",1764,1,2025-03-18,memes,2025-03-18
"Title: Are only white people attacked by bears?
Text: I remember in my childhood watching a show called when animals attack or at least something along those lines. Every movie Iâ€™ve seen with a bear attacking a person people, they were white. Is this exclusively a white person problem? 
Comment: We still need to look out for the Bipolar bears.",1960,2,2025-03-18,NoStupidQuestions,2025-03-17
"Title: My brother has a funny wifi name.
Text: 
Comment: Yournameinallcaps would work too",2658,1,2025-03-17,funny,2025-03-16
"Title: Interaction between Timber & Maresca
Text: 
Comment: Hes better or very soon will be.Â ",1066,2,2025-03-18,soccer,2025-03-17
